;====菜单通用====
TITLE,TITLE.png


;====头像素材====

;----人外頭像
X0,X0.png,0,0,435,435
X132,X132.png,0,0,435,435
X166,X166.png,0,0,435,435
X167,X167.png,0,0,435,435
X168,X168.png,0,0,435,435
X169,X169.png,0,0,435,435
X170,X170.png,0,0,435,435
X171,X171.png,0,0,435,435
X172,X172.png,0,0,435,435
X173,X173.png,0,0,435,435
X174,X174.png,0,0,435,435
X175,X175.png,0,0,435,435
X176,X176.png,0,0,435,435
X177,X177.png,0,0,435,435
X178,X178.png,0,0,435,435
X179,X179.png,0,0,435,435
X180,X180.png,0,0,435,435
X181,X181.png,0,0,435,435
X182,X182.png,0,0,435,435
X183,X183.png,0,0,435,435
X184,X184.png,0,0,435,435
X185,X185.png,0,0,435,435
X316,X316.png,0,0,435,435

;----自定義頭像
;F0,F0.png,0,0,435,435
F20,F20.png,0,0,435,435
F21,F21.png,0,0,435,435
F22,F22.png,0,0,435,435
F23,F23.png,0,0,435,435
F24,F24.png,0,0,435,435
F25,F25.png,0,0,435,435
F26,F26.png,0,0,435,435
F27,F27.png,0,0,435,435
F28,F28.png,0,0,435,435
F29,F29.png,0,0,435,435

;----性格頭像
600_0,600_0.png,0,0,435,435
600_1,600_1.png,0,0,435,435
600_2,600_2.png,0,0,435,435
600_3,600_3.png,0,0,435,435
600_4,600_4.png,0,0,435,435
600_5,600_5.png,0,0,435,435
600_6,600_6.png,0,0,435,435
600_7,600_7.png,0,0,435,435
600_8,600_8.png,0,0,435,435
600_9,600_9.png,0,0,435,435
600_10,600_10.png,0,0,435,435
600_11,600_11.png,0,0,435,435
600_12,600_12.png,0,0,435,435
600_13,600_13.png,0,0,435,435
600_66,600_66.png,0,0,435,435
600_67,600_67.png,0,0,435,435
600_68,600_68.png,0,0,435,435
600_94,600_94.png,0,0,435,435
600_95,600_95.png,0,0,435,435
600_96,600_96.png,0,0,435,435
600_97,600_97.png,0,0,435,435
600_98,600_98.png,0,0,435,435
600_99,600_99.png,0,0,435,435

;----特殊角色頭像
N200,N200.png,0,0,435,435

;----見習調教師頭像
S1,S1.png,0,0,435,435
;----留白用
BLANK,BLANK.png,0,0,435,435

;====相框====
L1,L1.png,0,0,435,435
L2,L2.png,0,0,435,435

;====前发====
;----中分----
;男
;女

;====面部装饰====

;====眉毛====

;====眼睛====

;====鼻子====

;====嘴巴====

;====特点====

;====脸型====

;====身体====

;====后发====